,Names of college,Reviews,Ownership
0,IIT Madras - Indian Institute of Technology,"<span class=""rateTag"">4.7/5</span>","<a href=""https://engineering.careers360.com/colleges/ranking/top-government-engineering-colleges-in-tamil-nadu"">Public/Government</a>"
1,NIT Trichy - National Institute of Technology Tiruchirappalli,"<span class=""rateTag"">4.4/5</span>","<a href=""https://engineering.careers360.com/colleges/ranking/top-government-engineering-colleges-in-tamil-nadu"">Public/Government</a>"
2,VIT Vellore - Vellore Institute of Technology,"<span class=""rateTag"">4.2/5</span>","<a href=""https://engineering.careers360.com/colleges/ranking/top-private-engineering-colleges-in-tamil-nadu"">Private</a>"
3,"Anna University, Chennai","<span class=""rateTag"">4.7/5</span>","<a href=""https://engineering.careers360.com/colleges/ranking/top-government-engineering-colleges-in-tamil-nadu"">Public/Government</a>"
4,"Amrita Vishwa Vidyapeetham, Coimbatore","<span class=""rateTag"">4.2/5</span>","<a href=""https://engineering.careers360.com/colleges/ranking/top-private-engineering-colleges-in-tamil-nadu"">Private</a>"
5,SRM University Chennai - SRM Institute of Science and Technology,"<span class=""rateTag"">4.1/5</span>","<a href=""https://engineering.careers360.com/colleges/ranking/top-private-engineering-colleges-in-tamil-nadu"">Private</a>"
6,"Kalasalingam Academy of Research and Education, Virudhunagar","<span class=""rateTag"">3.5/5</span>","<a href=""https://engineering.careers360.com/colleges/ranking/top-private-engineering-colleges-in-tamil-nadu"">Private</a>"
7,SASTRA University Thanjavur - Shanmugha Arts Science Technology Research and Academy,"<span class=""rateTag"">4.1/5</span>","<a href=""https://engineering.careers360.com/colleges/ranking/top-private-engineering-colleges-in-tamil-nadu"">Private</a>"
8,SSN College of Engineering - Sri Sivasubramaniya Nadar College of Engineering,"<span class=""rateTag"">4.6/5</span>","<a href=""https://engineering.careers360.com/colleges/ranking/top-private-engineering-colleges-in-tamil-nadu"">Private</a>"
9,Sathyabama University - Sathyabama Institute of Science and Technology,"<span class=""rateTag"">3.9/5</span>","<a href=""https://engineering.careers360.com/colleges/ranking/top-private-engineering-colleges-in-tamil-nadu"">Private</a>"
10,PSG Tech Coimbatore - PSG College of Technology,"<span class=""rateTag"">4.3/5</span>","<a href=""https://engineering.careers360.com/colleges/ranking/top-private-engineering-colleges-in-tamil-nadu"">Private</a>"
11,SKCET Coimbatore - Sri Krishna College of Engineering and Technology,"<span class=""rateTag"">4.5/5</span>","<a href=""https://engineering.careers360.com/colleges/ranking/top-private-engineering-colleges-in-tamil-nadu"">Private</a>"
12,Vel Tech Chennai - Vel Tech Rangarajan Dr Sagunthala R and D Institute of Science and Technology,"<span class=""rateTag"">3.9/5</span>","<a href=""https://engineering.careers360.com/colleges/ranking/top-private-engineering-colleges-in-tamil-nadu"">Private</a>"
13,TCE Madurai - Thiagarajar College of Engineering,"<span class=""rateTag"">4.6/5</span>","<a href=""https://engineering.careers360.com/colleges/ranking/top-private-engineering-colleges-in-tamil-nadu"">Private</a>"
14,"National Institute of Food Technology, Entrepreneurship and Management, Thanjavur","<span class=""rateTag"">5.0/5</span>","<a href=""https://engineering.careers360.com/colleges/ranking/top-government-engineering-colleges-in-tamil-nadu"">Public/Government</a>"
15,"Rajalakshmi Engineering College, Chennai","<span class=""rateTag"">4.1/5</span>","<a href=""https://engineering.careers360.com/colleges/ranking/top-private-engineering-colleges-in-tamil-nadu"">Private</a>"
16,BSAU Chennai - BS Abdur Rahman Crescent Institute of Science and Technology,"<span class=""rateTag"">4.2/5</span>","<a href=""https://engineering.careers360.com/colleges/ranking/top-private-engineering-colleges-in-tamil-nadu"">Private</a>"
17,CIT Coimbatore - Coimbatore Institute of Technology,"<span class=""rateTag"">4.1/5</span>","<a href=""https://engineering.careers360.com/colleges/ranking/top-government-engineering-colleges-in-tamil-nadu"">Public/Government</a>"
18,Karunya University - Karunya Institute of Technology and Sciences,"<span class=""rateTag"">3.7/5</span>","<a href=""https://engineering.careers360.com/colleges/ranking/top-private-engineering-colleges-in-tamil-nadu"">Private</a>"
19,"Kumaraguru College of Technology, Coimbatore","<span class=""rateTag"">4.2/5</span>","<a href=""https://engineering.careers360.com/colleges/ranking/top-private-engineering-colleges-in-tamil-nadu"">Private</a>"
20,KEC Erode - Kongu Engineering College,"<span class=""rateTag"">4.5/5</span>","<a href=""https://engineering.careers360.com/colleges/ranking/top-private-engineering-colleges-in-tamil-nadu"">Private</a>"
21,"Sri Krishna College of Technology, Coimbatore","<span class=""rateTag"">4.1/5</span>","<a href=""https://engineering.careers360.com/colleges/ranking/top-private-engineering-colleges-in-tamil-nadu"">Private</a>"
22,PSGITECH Coimbatore - PSG Institute of Technology and Applied Research,"<span class=""rateTag"">2.8/5</span>","<a href=""https://engineering.careers360.com/colleges/ranking/top-private-engineering-colleges-in-tamil-nadu"">Private</a>"
23,"Mepco Schlenk Engineering College, Sivakasi","<span class=""rateTag"">3.9/5</span>","<a href=""https://engineering.careers360.com/colleges/ranking/top-private-engineering-colleges-in-tamil-nadu"">Private</a>"
24,HITS Chennai - Hindustan Institute of Technology and Science,"<span class=""rateTag"">3.6/5</span>","<a href=""https://engineering.careers360.com/colleges/ranking/top-private-engineering-colleges-in-tamil-nadu"">Private</a>"
25,"RMK Engineering College, Thiruvallur","<span class=""rateTag"">4.0/5</span>","<a href=""https://engineering.careers360.com/colleges/ranking/top-private-engineering-colleges-in-tamil-nadu"">Private</a>"
26,SIMATS Chennai - Saveetha Institute of Medical and Technical Sciences,"<span class=""rateTag"">3.0/5</span>","<a href=""https://engineering.careers360.com/colleges/ranking/top-private-engineering-colleges-in-tamil-nadu"">Private</a>"
27,"Sri Sai Ram Engineering College, Chennai","<span class=""rateTag"">3.0/5</span>","<a href=""https://engineering.careers360.com/colleges/ranking/top-private-engineering-colleges-in-tamil-nadu"">Private</a>"
28,Vels University Chennai - Vel's Institute of Science Technology and Advanced Studies,"<span class=""rateTag"">2.8/5</span>","<a href=""https://engineering.careers360.com/colleges/ranking/top-private-engineering-colleges-in-tamil-nadu"">Private</a>"
29,GCT Coimbatore - Government College of Technology,"<span class=""rateTag"">4.4/5</span>","<a href=""https://engineering.careers360.com/colleges/ranking/top-government-engineering-colleges-in-tamil-nadu"">Public/Government</a>"
30,NEC Kovilpatti - National Engineering College,"<span class=""rateTag"">3.8/5</span>","<a href=""https://engineering.careers360.com/colleges/ranking/top-private-engineering-colleges-in-tamil-nadu"">Private</a>"
31,"Sona College of Technology, Salem","<span class=""rateTag"">3.6/5</span>","<a href=""https://engineering.careers360.com/colleges/ranking/top-private-engineering-colleges-in-tamil-nadu"">Private</a>"
32,CIT Chennai - Chennai Institute of Technology,"<span class=""rateTag"">4.4/5</span>","<a href=""https://engineering.careers360.com/colleges/ranking/top-private-engineering-colleges-in-tamil-nadu"">Private</a>"
33,"Easwari Engineering College, Chennai","<span class=""rateTag"">3.8/5</span>","<a href=""https://engineering.careers360.com/colleges/ranking/top-private-engineering-colleges-in-tamil-nadu"">Private</a>"
34,IIITDM Kancheepuram - Indian Institute of Information Technology Design and Manufacturing,"<span class=""rateTag"">4.2/5</span>","<a href=""https://engineering.careers360.com/colleges/ranking/top-government-engineering-colleges-in-tamil-nadu"">Public/Government</a>"
35,"Annamalai University, Annamalai Nagar","<span class=""rateTag"">3.7/5</span>","<a href=""https://engineering.careers360.com/colleges/ranking/top-government-engineering-colleges-in-tamil-nadu"">Public/Government</a>"
36,"Dr MGR Educational and Research Institute, Chennai","<span class=""rateTag"">3.5/5</span>","<a href=""https://engineering.careers360.com/colleges/ranking/top-private-engineering-colleges-in-tamil-nadu"">Private</a>"
37,KPRIET Coimbatore - KPR Institute of Engineering and Technology,"<span class=""rateTag"">4.0/5</span>","<a href=""https://engineering.careers360.com/colleges/ranking/top-private-engineering-colleges-in-tamil-nadu"">Private</a>"
38,"Panimalar Engineering College, Chennai","<span class=""rateTag"">3.4/5</span>","<a href=""https://engineering.careers360.com/colleges/ranking/top-private-engineering-colleges-in-tamil-nadu"">Private</a>"
39,"RMD Engineering College, Thiruvallur","<span class=""rateTag"">4.7/5</span>","<a href=""https://engineering.careers360.com/colleges/ranking/top-private-engineering-colleges-in-tamil-nadu"">Private</a>"
